-- MySQL dump 10.13  Distrib 8.0.21, for Win64 (x86_64)
--
-- Host: localhost    Database: spring_batch
-- ------------------------------------------------------
-- Server version	8.0.21

/*!40101 SET @OLD_CHARACTER_SET_CLIENT=@@CHARACTER_SET_CLIENT */;
/*!40101 SET @OLD_CHARACTER_SET_RESULTS=@@CHARACTER_SET_RESULTS */;
/*!40101 SET @OLD_COLLATION_CONNECTION=@@COLLATION_CONNECTION */;
/*!50503 SET NAMES utf8 */;
/*!40103 SET @OLD_TIME_ZONE=@@TIME_ZONE */;
/*!40103 SET TIME_ZONE='+00:00' */;
/*!40014 SET @OLD_UNIQUE_CHECKS=@@UNIQUE_CHECKS, UNIQUE_CHECKS=0 */;
/*!40014 SET @OLD_FOREIGN_KEY_CHECKS=@@FOREIGN_KEY_CHECKS, FOREIGN_KEY_CHECKS=0 */;
/*!40101 SET @OLD_SQL_MODE=@@SQL_MODE, SQL_MODE='NO_AUTO_VALUE_ON_ZERO' */;
/*!40111 SET @OLD_SQL_NOTES=@@SQL_NOTES, SQL_NOTES=0 */;

--
-- Table structure for table `batch_job_execution`
--

DROP TABLE IF EXISTS `batch_job_execution`;
/*!40101 SET @saved_cs_client     = @@character_set_client */;
/*!50503 SET character_set_client = utf8mb4 */;
CREATE TABLE `batch_job_execution` (
  `JOB_EXECUTION_ID` bigint NOT NULL,
  `VERSION` bigint DEFAULT NULL,
  `JOB_INSTANCE_ID` bigint NOT NULL,
  `CREATE_TIME` datetime(6) NOT NULL,
  `START_TIME` datetime(6) DEFAULT NULL,
  `END_TIME` datetime(6) DEFAULT NULL,
  `STATUS` varchar(10) DEFAULT NULL,
  `EXIT_CODE` varchar(2500) DEFAULT NULL,
  `EXIT_MESSAGE` varchar(2500) DEFAULT NULL,
  `LAST_UPDATED` datetime(6) DEFAULT NULL,
  `JOB_CONFIGURATION_LOCATION` varchar(2500) DEFAULT NULL,
  PRIMARY KEY (`JOB_EXECUTION_ID`),
  KEY `JOB_INST_EXEC_FK` (`JOB_INSTANCE_ID`),
  CONSTRAINT `JOB_INST_EXEC_FK` FOREIGN KEY (`JOB_INSTANCE_ID`) REFERENCES `batch_job_instance` (`JOB_INSTANCE_ID`)
) ENGINE=InnoDB DEFAULT CHARSET=utf8mb4 COLLATE=utf8mb4_0900_ai_ci;
/*!40101 SET character_set_client = @saved_cs_client */;

--
-- Dumping data for table `batch_job_execution`
--

LOCK TABLES `batch_job_execution` WRITE;
/*!40000 ALTER TABLE `batch_job_execution` DISABLE KEYS */;
INSERT INTO `batch_job_execution` VALUES (1,2,1,'2020-12-16 14:13:30.399000','2020-12-16 14:13:30.461000','2020-12-16 14:14:47.883000','COMPLETED','COMPLETED','','2020-12-16 14:14:47.884000',NULL),(2,2,2,'2020-12-16 14:15:22.811000','2020-12-16 14:15:22.870000','2020-12-16 14:15:26.430000','FAILED','FAILED','','2020-12-16 14:15:26.431000',NULL),(3,2,3,'2020-12-16 17:14:08.286000','2020-12-16 17:14:08.359000','2020-12-16 17:14:11.565000','FAILED','FAILED','','2020-12-16 17:14:11.565000',NULL),(4,2,4,'2020-12-16 17:15:45.116000','2020-12-16 17:15:45.182000','2020-12-16 17:15:48.570000','FAILED','FAILED','','2020-12-16 17:15:48.571000',NULL),(5,2,5,'2020-12-16 17:16:26.809000','2020-12-16 17:16:26.861000','2020-12-16 17:17:53.188000','COMPLETED','COMPLETED','','2020-12-16 17:17:53.189000',NULL),(6,2,6,'2020-12-16 17:26:54.165000','2020-12-16 17:26:54.228000','2020-12-16 17:28:20.147000','COMPLETED','COMPLETED','','2020-12-16 17:28:20.148000',NULL),(7,2,7,'2020-12-16 17:29:27.100000','2020-12-16 17:29:27.177000','2020-12-16 17:29:31.318000','FAILED','FAILED','','2020-12-16 17:29:31.319000',NULL),(8,2,8,'2020-12-16 17:33:06.088000','2020-12-16 17:33:06.146000','2020-12-16 17:34:33.675000','COMPLETED','COMPLETED','','2020-12-16 17:34:33.677000',NULL),(9,2,9,'2020-12-16 17:35:41.803000','2020-12-16 17:35:41.859000','2020-12-16 17:35:45.621000','FAILED','FAILED','','2020-12-16 17:35:45.621000',NULL),(10,2,10,'2020-12-16 17:36:44.750000','2020-12-16 17:36:44.811000','2020-12-16 17:36:48.384000','FAILED','FAILED','','2020-12-16 17:36:48.385000',NULL),(11,2,11,'2020-12-22 14:49:13.630000','2020-12-22 14:49:13.710000','2020-12-22 14:49:44.841000','FAILED','FAILED','org.springframework.web.client.HttpServerErrorException$ServiceUnavailable: 503 Service Unavailable: [<!DOCTYPE html>\n<html>\n<head>\n<meta name=\"viewport\" content=\"width=device-width, initial-scale=1\">\n<meta charset=\"utf-8\">\n<title>Application Error</title>\n<style media=\"screen\">\n		  html,body,iframe {... (482 bytes)]\r\n	at org.springframework.web.client.HttpServerErrorException.create(HttpServerErrorException.java:112)\r\n	at org.springframework.web.client.DefaultResponseErrorHandler.handleError(DefaultResponseErrorHandler.java:172)\r\n	at org.springframework.web.client.DefaultResponseErrorHandler.handleError(DefaultResponseErrorHandler.java:112)\r\n	at org.springframework.web.client.ResponseErrorHandler.handleError(ResponseErrorHandler.java:63)\r\n	at org.springframework.web.client.RestTemplate.handleResponse(RestTemplate.java:782)\r\n	at org.springframework.web.client.RestTemplate.doExecute(RestTemplate.java:740)\r\n	at org.springframework.web.client.RestTemplate.execute(RestTemplate.java:674)\r\n	at org.springframework.web.client.RestTemplate.getForEntity(RestTemplate.java:342)\r\n	at com.springbatch.faturacartaocredito.processor.CarregarDadosClienteProcessor.process(CarregarDadosClienteProcessor.java:21)\r\n	at com.springbatch.faturacartaocredito.processor.CarregarDadosClienteProcessor.process(CarregarDadosClienteProcessor.java:1)\r\n	at org.springframework.batch.core.step.item.SimpleChunkProcessor.doProcess(SimpleChunkProcessor.java:134)\r\n	at org.springframework.batch.core.step.item.SimpleChunkProcessor.transform(SimpleChunkProcessor.java:319)\r\n	at org.springframework.batch.core.step.item.SimpleChunkProcessor.process(SimpleChunkProcessor.java:210)\r\n	at org.springframework.batch.core.step.item.ChunkOrientedTasklet.execute(ChunkOrientedTasklet.java:77)\r\n	at org.springframework.batch.core.step.tasklet.TaskletStep$ChunkTransactionCallback.doInTransaction(TaskletStep.java:407)\r\n	at org.springframework.batch.core.step.tasklet.TaskletStep$ChunkTransactionCallback.doInTransaction(TaskletStep.java:331)\r\n	at org.springframework.transaction.support.TransactionTemplate.execute(TransactionTemplate.java:140)\r\n	at org.springframework.batch.core.step.tasklet.TaskletStep$2.doInChunkContext(TaskletStep.java:273)\r\n	at org.springframework.batch.core.scope.context.StepContextRepeatCallback.doInIteration(StepContextRepeatCallback.java:82)\r\n	at org.springframework.batch.repeat.support.RepeatTemplate.getNextResult(RepeatTemplate.java:375)\r\n	at org.springframework.batch.repeat.support.RepeatTempl','2020-12-22 14:49:44.842000',NULL),(12,2,12,'2020-12-22 14:56:24.033000','2020-12-22 14:56:24.106000','2020-12-22 14:56:30.262000','COMPLETED','COMPLETED','','2020-12-22 14:56:30.262000',NULL);
/*!40000 ALTER TABLE `batch_job_execution` ENABLE KEYS */;
UNLOCK TABLES;

--
-- Table structure for table `batch_job_execution_context`
--

DROP TABLE IF EXISTS `batch_job_execution_context`;
/*!40101 SET @saved_cs_client     = @@character_set_client */;
/*!50503 SET character_set_client = utf8mb4 */;
CREATE TABLE `batch_job_execution_context` (
  `JOB_EXECUTION_ID` bigint NOT NULL,
  `SHORT_CONTEXT` varchar(2500) NOT NULL,
  `SERIALIZED_CONTEXT` text,
  PRIMARY KEY (`JOB_EXECUTION_ID`),
  CONSTRAINT `JOB_EXEC_CTX_FK` FOREIGN KEY (`JOB_EXECUTION_ID`) REFERENCES `batch_job_execution` (`JOB_EXECUTION_ID`)
) ENGINE=InnoDB DEFAULT CHARSET=utf8mb4 COLLATE=utf8mb4_0900_ai_ci;
/*!40101 SET character_set_client = @saved_cs_client */;

--
-- Dumping data for table `batch_job_execution_context`
--

LOCK TABLES `batch_job_execution_context` WRITE;
/*!40000 ALTER TABLE `batch_job_execution_context` DISABLE KEYS */;
INSERT INTO `batch_job_execution_context` VALUES (1,'{}',NULL),(2,'{}',NULL),(3,'{}',NULL),(4,'{}',NULL),(5,'{}',NULL),(6,'{}',NULL),(7,'{}',NULL),(8,'{}',NULL),(9,'{}',NULL),(10,'{}',NULL),(11,'{}',NULL),(12,'{}',NULL);
/*!40000 ALTER TABLE `batch_job_execution_context` ENABLE KEYS */;
UNLOCK TABLES;

--
-- Table structure for table `batch_job_execution_params`
--

DROP TABLE IF EXISTS `batch_job_execution_params`;
/*!40101 SET @saved_cs_client     = @@character_set_client */;
/*!50503 SET character_set_client = utf8mb4 */;
CREATE TABLE `batch_job_execution_params` (
  `JOB_EXECUTION_ID` bigint NOT NULL,
  `TYPE_CD` varchar(6) NOT NULL,
  `KEY_NAME` varchar(100) NOT NULL,
  `STRING_VAL` varchar(250) DEFAULT NULL,
  `DATE_VAL` datetime(6) DEFAULT NULL,
  `LONG_VAL` bigint DEFAULT NULL,
  `DOUBLE_VAL` double DEFAULT NULL,
  `IDENTIFYING` char(1) NOT NULL,
  KEY `JOB_EXEC_PARAMS_FK` (`JOB_EXECUTION_ID`),
  CONSTRAINT `JOB_EXEC_PARAMS_FK` FOREIGN KEY (`JOB_EXECUTION_ID`) REFERENCES `batch_job_execution` (`JOB_EXECUTION_ID`)
) ENGINE=InnoDB DEFAULT CHARSET=utf8mb4 COLLATE=utf8mb4_0900_ai_ci;
/*!40101 SET character_set_client = @saved_cs_client */;

--
-- Dumping data for table `batch_job_execution_params`
--

LOCK TABLES `batch_job_execution_params` WRITE;
/*!40000 ALTER TABLE `batch_job_execution_params` DISABLE KEYS */;
INSERT INTO `batch_job_execution_params` VALUES (1,'LONG','run.id','','1970-01-01 00:00:00.000000',1,0,'Y'),(2,'LONG','run.id','','1970-01-01 00:00:00.000000',2,0,'Y'),(3,'LONG','run.id','','1970-01-01 00:00:00.000000',3,0,'Y'),(4,'LONG','run.id','','1970-01-01 00:00:00.000000',4,0,'Y'),(5,'LONG','run.id','','1970-01-01 00:00:00.000000',5,0,'Y'),(6,'LONG','run.id','','1970-01-01 00:00:00.000000',6,0,'Y'),(7,'LONG','run.id','','1970-01-01 00:00:00.000000',7,0,'Y'),(8,'LONG','run.id','','1970-01-01 00:00:00.000000',8,0,'Y'),(9,'LONG','run.id','','1970-01-01 00:00:00.000000',9,0,'Y'),(10,'LONG','run.id','','1970-01-01 00:00:00.000000',10,0,'Y'),(11,'LONG','run.id','','1970-01-01 00:00:00.000000',1,0,'Y'),(12,'LONG','run.id','','1970-01-01 00:00:00.000000',2,0,'Y');
/*!40000 ALTER TABLE `batch_job_execution_params` ENABLE KEYS */;
UNLOCK TABLES;

--
-- Table structure for table `batch_job_execution_seq`
--

DROP TABLE IF EXISTS `batch_job_execution_seq`;
/*!40101 SET @saved_cs_client     = @@character_set_client */;
/*!50503 SET character_set_client = utf8mb4 */;
CREATE TABLE `batch_job_execution_seq` (
  `ID` bigint NOT NULL,
  `UNIQUE_KEY` char(1) NOT NULL,
  UNIQUE KEY `UNIQUE_KEY_UN` (`UNIQUE_KEY`)
) ENGINE=InnoDB DEFAULT CHARSET=utf8mb4 COLLATE=utf8mb4_0900_ai_ci;
/*!40101 SET character_set_client = @saved_cs_client */;

--
-- Dumping data for table `batch_job_execution_seq`
--

LOCK TABLES `batch_job_execution_seq` WRITE;
/*!40000 ALTER TABLE `batch_job_execution_seq` DISABLE KEYS */;
INSERT INTO `batch_job_execution_seq` VALUES (12,'0');
/*!40000 ALTER TABLE `batch_job_execution_seq` ENABLE KEYS */;
UNLOCK TABLES;

--
-- Table structure for table `batch_job_instance`
--

DROP TABLE IF EXISTS `batch_job_instance`;
/*!40101 SET @saved_cs_client     = @@character_set_client */;
/*!50503 SET character_set_client = utf8mb4 */;
CREATE TABLE `batch_job_instance` (
  `JOB_INSTANCE_ID` bigint NOT NULL,
  `VERSION` bigint DEFAULT NULL,
  `JOB_NAME` varchar(100) NOT NULL,
  `JOB_KEY` varchar(32) NOT NULL,
  PRIMARY KEY (`JOB_INSTANCE_ID`),
  UNIQUE KEY `JOB_INST_UN` (`JOB_NAME`,`JOB_KEY`)
) ENGINE=InnoDB DEFAULT CHARSET=utf8mb4 COLLATE=utf8mb4_0900_ai_ci;
/*!40101 SET character_set_client = @saved_cs_client */;

--
-- Dumping data for table `batch_job_instance`
--

LOCK TABLES `batch_job_instance` WRITE;
/*!40000 ALTER TABLE `batch_job_instance` DISABLE KEYS */;
INSERT INTO `batch_job_instance` VALUES (1,0,'migracaoDadosJob','853d3449e311f40366811cbefb3d93d7'),(2,0,'migracaoDadosJob','e070bff4379694c0210a51d9f6c6a564'),(3,0,'migracaoDadosJob','a3364faf893276dea0caacefbf618db5'),(4,0,'migracaoDadosJob','47c0a8118b74165a864b66d37c7b6cf5'),(5,0,'migracaoDadosJob','ce148f5f9c2bf4dc9bd44a7a5f64204c'),(6,0,'migracaoDadosJob','bd0034040292bc81e6ccac0e25d9a578'),(7,0,'migracaoDadosJob','597815c7e4ab1092c1b25130aae725cb'),(8,0,'migracaoDadosJob','f55a96b11012be4fcfb6cf005435182d'),(9,0,'migracaoDadosJob','96a5ed9bac43e779455f3e71c0f64840'),(10,0,'migracaoDadosJob','1aac4f3e74894b78fa3ce5d8a25e1ef0'),(11,0,'faturaCartaoCreditoStep','853d3449e311f40366811cbefb3d93d7'),(12,0,'faturaCartaoCreditoStep','e070bff4379694c0210a51d9f6c6a564');
/*!40000 ALTER TABLE `batch_job_instance` ENABLE KEYS */;
UNLOCK TABLES;

--
-- Table structure for table `batch_job_seq`
--

DROP TABLE IF EXISTS `batch_job_seq`;
/*!40101 SET @saved_cs_client     = @@character_set_client */;
/*!50503 SET character_set_client = utf8mb4 */;
CREATE TABLE `batch_job_seq` (
  `ID` bigint NOT NULL,
  `UNIQUE_KEY` char(1) NOT NULL,
  UNIQUE KEY `UNIQUE_KEY_UN` (`UNIQUE_KEY`)
) ENGINE=InnoDB DEFAULT CHARSET=utf8mb4 COLLATE=utf8mb4_0900_ai_ci;
/*!40101 SET character_set_client = @saved_cs_client */;

--
-- Dumping data for table `batch_job_seq`
--

LOCK TABLES `batch_job_seq` WRITE;
/*!40000 ALTER TABLE `batch_job_seq` DISABLE KEYS */;
INSERT INTO `batch_job_seq` VALUES (12,'0');
/*!40000 ALTER TABLE `batch_job_seq` ENABLE KEYS */;
UNLOCK TABLES;

--
-- Table structure for table `batch_step_execution`
--

DROP TABLE IF EXISTS `batch_step_execution`;
/*!40101 SET @saved_cs_client     = @@character_set_client */;
/*!50503 SET character_set_client = utf8mb4 */;
CREATE TABLE `batch_step_execution` (
  `STEP_EXECUTION_ID` bigint NOT NULL,
  `VERSION` bigint NOT NULL,
  `STEP_NAME` varchar(100) NOT NULL,
  `JOB_EXECUTION_ID` bigint NOT NULL,
  `START_TIME` datetime(6) NOT NULL,
  `END_TIME` datetime(6) DEFAULT NULL,
  `STATUS` varchar(10) DEFAULT NULL,
  `COMMIT_COUNT` bigint DEFAULT NULL,
  `READ_COUNT` bigint DEFAULT NULL,
  `FILTER_COUNT` bigint DEFAULT NULL,
  `WRITE_COUNT` bigint DEFAULT NULL,
  `READ_SKIP_COUNT` bigint DEFAULT NULL,
  `WRITE_SKIP_COUNT` bigint DEFAULT NULL,
  `PROCESS_SKIP_COUNT` bigint DEFAULT NULL,
  `ROLLBACK_COUNT` bigint DEFAULT NULL,
  `EXIT_CODE` varchar(2500) DEFAULT NULL,
  `EXIT_MESSAGE` varchar(2500) DEFAULT NULL,
  `LAST_UPDATED` datetime(6) DEFAULT NULL,
  PRIMARY KEY (`STEP_EXECUTION_ID`),
  KEY `JOB_EXEC_STEP_FK` (`JOB_EXECUTION_ID`),
  CONSTRAINT `JOB_EXEC_STEP_FK` FOREIGN KEY (`JOB_EXECUTION_ID`) REFERENCES `batch_job_execution` (`JOB_EXECUTION_ID`)
) ENGINE=InnoDB DEFAULT CHARSET=utf8mb4 COLLATE=utf8mb4_0900_ai_ci;
/*!40101 SET character_set_client = @saved_cs_client */;

--
-- Dumping data for table `batch_step_execution`
--

LOCK TABLES `batch_step_execution` WRITE;
/*!40000 ALTER TABLE `batch_step_execution` DISABLE KEYS */;
INSERT INTO `batch_step_execution` VALUES (1,4,'migrarDadosBancariosStep',1,'2020-12-16 14:13:30.518000','2020-12-16 14:14:47.859000','COMPLETED',2,10000,0,10000,0,0,0,0,'COMPLETED','','2020-12-16 14:14:47.861000'),(2,4,'migrarPessoaStep',1,'2020-12-16 14:13:30.524000','2020-12-16 14:14:47.664000','COMPLETED',2,10000,0,10000,0,0,0,0,'COMPLETED','','2020-12-16 14:14:47.665000'),(3,2,'migrarPessoaStep',2,'2020-12-16 14:15:22.920000','2020-12-16 14:15:26.410000','FAILED',0,10000,0,0,0,0,0,1,'FAILED','org.springframework.dao.DuplicateKeyException: PreparedStatementCallback; SQL [INSERT INTO pessoa (id, nome, email, data_nascimento, idade) VALUES (?, ?, ?, ?, ?)]; Duplicate entry \'10000\' for key \'pessoa.PRIMARY\'; nested exception is java.sql.BatchUpdateException: Duplicate entry \'10000\' for key \'pessoa.PRIMARY\'\r\n	at org.springframework.jdbc.support.SQLErrorCodeSQLExceptionTranslator.doTranslate(SQLErrorCodeSQLExceptionTranslator.java:243)\r\n	at org.springframework.jdbc.support.AbstractFallbackSQLExceptionTranslator.translate(AbstractFallbackSQLExceptionTranslator.java:72)\r\n	at org.springframework.jdbc.core.JdbcTemplate.translateException(JdbcTemplate.java:1443)\r\n	at org.springframework.jdbc.core.JdbcTemplate.execute(JdbcTemplate.java:633)\r\n	at org.springframework.jdbc.core.JdbcTemplate.execute(JdbcTemplate.java:647)\r\n	at org.springframework.batch.item.database.JdbcBatchItemWriter.write(JdbcBatchItemWriter.java:186)\r\n	at org.springframework.batch.item.support.ClassifierCompositeItemWriter.write(ClassifierCompositeItemWriter.java:69)\r\n	at org.springframework.batch.core.step.item.SimpleChunkProcessor.writeItems(SimpleChunkProcessor.java:193)\r\n	at org.springframework.batch.core.step.item.SimpleChunkProcessor.doWrite(SimpleChunkProcessor.java:159)\r\n	at org.springframework.batch.core.step.item.SimpleChunkProcessor.write(SimpleChunkProcessor.java:294)\r\n	at org.springframework.batch.core.step.item.SimpleChunkProcessor.process(SimpleChunkProcessor.java:217)\r\n	at org.springframework.batch.core.step.item.ChunkOrientedTasklet.execute(ChunkOrientedTasklet.java:77)\r\n	at org.springframework.batch.core.step.tasklet.TaskletStep$ChunkTransactionCallback.doInTransaction(TaskletStep.java:407)\r\n	at org.springframework.batch.core.step.tasklet.TaskletStep$ChunkTransactionCallback.doInTransaction(TaskletStep.java:331)\r\n	at org.springframework.transaction.support.TransactionTemplate.execute(TransactionTemplate.java:140)\r\n	at org.springframework.batch.core.step.tasklet.TaskletStep$2.doInChunkContext(TaskletStep.java:273)\r\n	at org.springframework.batch.core.scope.context.StepContextRepeatCallback.doInIteration(StepContextRepeatCallback.java:82)\r\n	at org.springframework.batch.repeat.support.RepeatTemplate.getNextResult(RepeatTemplate.java:375)\r\n	at org.springframework.batch.repeat.support.RepeatTemplate.executeInternal(RepeatTemplate.java:215)\r\n	at org.springframework.batch.repeat.support.RepeatTemplate.iterate(RepeatTemplate.java:145)\r\n	at org.springframework.batch.core.step.taskle','2020-12-16 14:15:26.412000'),(4,2,'migrarDadosBancariosStep',2,'2020-12-16 14:15:22.937000','2020-12-16 14:15:26.417000','FAILED',0,10000,0,0,0,0,0,1,'FAILED','org.springframework.dao.DuplicateKeyException: PreparedStatementCallback; SQL [INSERT INTO dados_bancarios (id, pessoa_id, agencia, conta, banco) VALUES (?, ?, ?, ?, ?)]; Duplicate entry \'10000\' for key \'dados_bancarios.PRIMARY\'; nested exception is java.sql.BatchUpdateException: Duplicate entry \'10000\' for key \'dados_bancarios.PRIMARY\'\r\n	at org.springframework.jdbc.support.SQLErrorCodeSQLExceptionTranslator.doTranslate(SQLErrorCodeSQLExceptionTranslator.java:243)\r\n	at org.springframework.jdbc.support.AbstractFallbackSQLExceptionTranslator.translate(AbstractFallbackSQLExceptionTranslator.java:72)\r\n	at org.springframework.jdbc.core.JdbcTemplate.translateException(JdbcTemplate.java:1443)\r\n	at org.springframework.jdbc.core.JdbcTemplate.execute(JdbcTemplate.java:633)\r\n	at org.springframework.jdbc.core.JdbcTemplate.execute(JdbcTemplate.java:647)\r\n	at org.springframework.jdbc.core.JdbcTemplate.batchUpdate(JdbcTemplate.java:936)\r\n	at org.springframework.jdbc.core.namedparam.NamedParameterJdbcTemplate.batchUpdate(NamedParameterJdbcTemplate.java:366)\r\n	at org.springframework.batch.item.database.JdbcBatchItemWriter.write(JdbcBatchItemWriter.java:182)\r\n	at org.springframework.batch.core.step.item.SimpleChunkProcessor.writeItems(SimpleChunkProcessor.java:193)\r\n	at org.springframework.batch.core.step.item.SimpleChunkProcessor.doWrite(SimpleChunkProcessor.java:159)\r\n	at org.springframework.batch.core.step.item.SimpleChunkProcessor.write(SimpleChunkProcessor.java:294)\r\n	at org.springframework.batch.core.step.item.SimpleChunkProcessor.process(SimpleChunkProcessor.java:217)\r\n	at org.springframework.batch.core.step.item.ChunkOrientedTasklet.execute(ChunkOrientedTasklet.java:77)\r\n	at org.springframework.batch.core.step.tasklet.TaskletStep$ChunkTransactionCallback.doInTransaction(TaskletStep.java:407)\r\n	at org.springframework.batch.core.step.tasklet.TaskletStep$ChunkTransactionCallback.doInTransaction(TaskletStep.java:331)\r\n	at org.springframework.transaction.support.TransactionTemplate.execute(TransactionTemplate.java:140)\r\n	at org.springframework.batch.core.step.tasklet.TaskletStep$2.doInChunkContext(TaskletStep.java:273)\r\n	at org.springframework.batch.core.scope.context.StepContextRepeatCallback.doInIteration(StepContextRepeatCallback.java:82)\r\n	at org.springframework.batch.repeat.support.RepeatTemplate.getNextResult(RepeatTemplate.java:375)\r\n	at org.springframework.batch.repeat.support.RepeatTemplate.executeInternal(RepeatTemplate.java:215)\r\n	at org.springframework.batch.','2020-12-16 14:15:26.418000'),(5,2,'migrarDadosBancariosStep',3,'2020-12-16 17:14:08.432000','2020-12-16 17:14:11.545000','FAILED',0,10000,0,0,0,0,0,1,'FAILED','org.springframework.jdbc.BadSqlGrammarException: PreparedStatementCallback; bad SQL grammar [INSERT INTO dados_bancarios (id, pessoa_id, agencia, conta, banco) VALUES (?, ? , ?, ?, ?]; nested exception is java.sql.BatchUpdateException: You have an error in your SQL syntax; check the manual that corresponds to your MySQL server version for the right syntax to use near \'\' at line 1\r\n	at org.springframework.jdbc.support.SQLErrorCodeSQLExceptionTranslator.doTranslate(SQLErrorCodeSQLExceptionTranslator.java:235)\r\n	at org.springframework.jdbc.support.AbstractFallbackSQLExceptionTranslator.translate(AbstractFallbackSQLExceptionTranslator.java:72)\r\n	at org.springframework.jdbc.core.JdbcTemplate.translateException(JdbcTemplate.java:1443)\r\n	at org.springframework.jdbc.core.JdbcTemplate.execute(JdbcTemplate.java:633)\r\n	at org.springframework.jdbc.core.JdbcTemplate.execute(JdbcTemplate.java:647)\r\n	at org.springframework.jdbc.core.JdbcTemplate.batchUpdate(JdbcTemplate.java:936)\r\n	at org.springframework.jdbc.core.namedparam.NamedParameterJdbcTemplate.batchUpdate(NamedParameterJdbcTemplate.java:366)\r\n	at org.springframework.batch.item.database.JdbcBatchItemWriter.write(JdbcBatchItemWriter.java:182)\r\n	at org.springframework.batch.core.step.item.SimpleChunkProcessor.writeItems(SimpleChunkProcessor.java:193)\r\n	at org.springframework.batch.core.step.item.SimpleChunkProcessor.doWrite(SimpleChunkProcessor.java:159)\r\n	at org.springframework.batch.core.step.item.SimpleChunkProcessor.write(SimpleChunkProcessor.java:294)\r\n	at org.springframework.batch.core.step.item.SimpleChunkProcessor.process(SimpleChunkProcessor.java:217)\r\n	at org.springframework.batch.core.step.item.ChunkOrientedTasklet.execute(ChunkOrientedTasklet.java:77)\r\n	at org.springframework.batch.core.step.tasklet.TaskletStep$ChunkTransactionCallback.doInTransaction(TaskletStep.java:407)\r\n	at org.springframework.batch.core.step.tasklet.TaskletStep$ChunkTransactionCallback.doInTransaction(TaskletStep.java:331)\r\n	at org.springframework.transaction.support.TransactionTemplate.execute(TransactionTemplate.java:140)\r\n	at org.springframework.batch.core.step.tasklet.TaskletStep$2.doInChunkContext(TaskletStep.java:273)\r\n	at org.springframework.batch.core.scope.context.StepContextRepeatCallback.doInIteration(StepContextRepeatCallback.java:82)\r\n	at org.springframework.batch.repeat.support.RepeatTemplate.getNextResult(RepeatTemplate.java:375)\r\n	at org.springframework.batch.repeat.support.RepeatTemplate.executeInternal(RepeatTempla','2020-12-16 17:14:11.546000'),(6,2,'migrarPessoaStep',3,'2020-12-16 17:14:08.447000','2020-12-16 17:14:11.506000','FAILED',0,10000,0,0,0,0,0,1,'FAILED','org.springframework.jdbc.BadSqlGrammarException: PreparedStatementCallback; bad SQL grammar [INSERT INTO pessoa (id, nome, email, data_nascimento, idade) VALUES (?, ? , ?, ?, ?]; nested exception is java.sql.BatchUpdateException: You have an error in your SQL syntax; check the manual that corresponds to your MySQL server version for the right syntax to use near \'\' at line 1\r\n	at org.springframework.jdbc.support.SQLErrorCodeSQLExceptionTranslator.doTranslate(SQLErrorCodeSQLExceptionTranslator.java:235)\r\n	at org.springframework.jdbc.support.AbstractFallbackSQLExceptionTranslator.translate(AbstractFallbackSQLExceptionTranslator.java:72)\r\n	at org.springframework.jdbc.core.JdbcTemplate.translateException(JdbcTemplate.java:1443)\r\n	at org.springframework.jdbc.core.JdbcTemplate.execute(JdbcTemplate.java:633)\r\n	at org.springframework.jdbc.core.JdbcTemplate.execute(JdbcTemplate.java:647)\r\n	at org.springframework.batch.item.database.JdbcBatchItemWriter.write(JdbcBatchItemWriter.java:186)\r\n	at org.springframework.batch.item.support.ClassifierCompositeItemWriter.write(ClassifierCompositeItemWriter.java:69)\r\n	at org.springframework.batch.core.step.item.SimpleChunkProcessor.writeItems(SimpleChunkProcessor.java:193)\r\n	at org.springframework.batch.core.step.item.SimpleChunkProcessor.doWrite(SimpleChunkProcessor.java:159)\r\n	at org.springframework.batch.core.step.item.SimpleChunkProcessor.write(SimpleChunkProcessor.java:294)\r\n	at org.springframework.batch.core.step.item.SimpleChunkProcessor.process(SimpleChunkProcessor.java:217)\r\n	at org.springframework.batch.core.step.item.ChunkOrientedTasklet.execute(ChunkOrientedTasklet.java:77)\r\n	at org.springframework.batch.core.step.tasklet.TaskletStep$ChunkTransactionCallback.doInTransaction(TaskletStep.java:407)\r\n	at org.springframework.batch.core.step.tasklet.TaskletStep$ChunkTransactionCallback.doInTransaction(TaskletStep.java:331)\r\n	at org.springframework.transaction.support.TransactionTemplate.execute(TransactionTemplate.java:140)\r\n	at org.springframework.batch.core.step.tasklet.TaskletStep$2.doInChunkContext(TaskletStep.java:273)\r\n	at org.springframework.batch.core.scope.context.StepContextRepeatCallback.doInIteration(StepContextRepeatCallback.java:82)\r\n	at org.springframework.batch.repeat.support.RepeatTemplate.getNextResult(RepeatTemplate.java:375)\r\n	at org.springframework.batch.repeat.support.RepeatTemplate.executeInternal(RepeatTemplate.java:215)\r\n	at org.springframework.batch.repeat.support.RepeatTemplate.iterate(RepeatTemp','2020-12-16 17:14:11.507000'),(7,2,'migrarDadosBancariosStep',4,'2020-12-16 17:15:45.237000','2020-12-16 17:15:48.553000','FAILED',0,10000,0,0,0,0,0,1,'FAILED','org.springframework.dao.DuplicateKeyException: PreparedStatementCallback; SQL [INSERT INTO dados_bancarios (id, pessoa_id, agencia, conta, banco) VALUES (?, ?, ?, ?, ?)]; Duplicate entry \'10000\' for key \'dados_bancarios.PRIMARY\'; nested exception is java.sql.BatchUpdateException: Duplicate entry \'10000\' for key \'dados_bancarios.PRIMARY\'\r\n	at org.springframework.jdbc.support.SQLErrorCodeSQLExceptionTranslator.doTranslate(SQLErrorCodeSQLExceptionTranslator.java:243)\r\n	at org.springframework.jdbc.support.AbstractFallbackSQLExceptionTranslator.translate(AbstractFallbackSQLExceptionTranslator.java:72)\r\n	at org.springframework.jdbc.core.JdbcTemplate.translateException(JdbcTemplate.java:1443)\r\n	at org.springframework.jdbc.core.JdbcTemplate.execute(JdbcTemplate.java:633)\r\n	at org.springframework.jdbc.core.JdbcTemplate.execute(JdbcTemplate.java:647)\r\n	at org.springframework.jdbc.core.JdbcTemplate.batchUpdate(JdbcTemplate.java:936)\r\n	at org.springframework.jdbc.core.namedparam.NamedParameterJdbcTemplate.batchUpdate(NamedParameterJdbcTemplate.java:366)\r\n	at org.springframework.batch.item.database.JdbcBatchItemWriter.write(JdbcBatchItemWriter.java:182)\r\n	at org.springframework.batch.core.step.item.SimpleChunkProcessor.writeItems(SimpleChunkProcessor.java:193)\r\n	at org.springframework.batch.core.step.item.SimpleChunkProcessor.doWrite(SimpleChunkProcessor.java:159)\r\n	at org.springframework.batch.core.step.item.SimpleChunkProcessor.write(SimpleChunkProcessor.java:294)\r\n	at org.springframework.batch.core.step.item.SimpleChunkProcessor.process(SimpleChunkProcessor.java:217)\r\n	at org.springframework.batch.core.step.item.ChunkOrientedTasklet.execute(ChunkOrientedTasklet.java:77)\r\n	at org.springframework.batch.core.step.tasklet.TaskletStep$ChunkTransactionCallback.doInTransaction(TaskletStep.java:407)\r\n	at org.springframework.batch.core.step.tasklet.TaskletStep$ChunkTransactionCallback.doInTransaction(TaskletStep.java:331)\r\n	at org.springframework.transaction.support.TransactionTemplate.execute(TransactionTemplate.java:140)\r\n	at org.springframework.batch.core.step.tasklet.TaskletStep$2.doInChunkContext(TaskletStep.java:273)\r\n	at org.springframework.batch.core.scope.context.StepContextRepeatCallback.doInIteration(StepContextRepeatCallback.java:82)\r\n	at org.springframework.batch.repeat.support.RepeatTemplate.getNextResult(RepeatTemplate.java:375)\r\n	at org.springframework.batch.repeat.support.RepeatTemplate.executeInternal(RepeatTemplate.java:215)\r\n	at org.springframework.batch.','2020-12-16 17:15:48.554000'),(8,2,'migrarPessoaStep',4,'2020-12-16 17:15:45.245000','2020-12-16 17:15:48.555000','FAILED',0,10000,0,0,0,0,0,1,'FAILED','org.springframework.dao.DuplicateKeyException: PreparedStatementCallback; SQL [INSERT INTO pessoa (id, nome, email, data_nascimento, idade) VALUES (?, ?, ?, ?, ?)]; Duplicate entry \'10000\' for key \'pessoa.PRIMARY\'; nested exception is java.sql.BatchUpdateException: Duplicate entry \'10000\' for key \'pessoa.PRIMARY\'\r\n	at org.springframework.jdbc.support.SQLErrorCodeSQLExceptionTranslator.doTranslate(SQLErrorCodeSQLExceptionTranslator.java:243)\r\n	at org.springframework.jdbc.support.AbstractFallbackSQLExceptionTranslator.translate(AbstractFallbackSQLExceptionTranslator.java:72)\r\n	at org.springframework.jdbc.core.JdbcTemplate.translateException(JdbcTemplate.java:1443)\r\n	at org.springframework.jdbc.core.JdbcTemplate.execute(JdbcTemplate.java:633)\r\n	at org.springframework.jdbc.core.JdbcTemplate.execute(JdbcTemplate.java:647)\r\n	at org.springframework.batch.item.database.JdbcBatchItemWriter.write(JdbcBatchItemWriter.java:186)\r\n	at org.springframework.batch.item.support.ClassifierCompositeItemWriter.write(ClassifierCompositeItemWriter.java:69)\r\n	at org.springframework.batch.core.step.item.SimpleChunkProcessor.writeItems(SimpleChunkProcessor.java:193)\r\n	at org.springframework.batch.core.step.item.SimpleChunkProcessor.doWrite(SimpleChunkProcessor.java:159)\r\n	at org.springframework.batch.core.step.item.SimpleChunkProcessor.write(SimpleChunkProcessor.java:294)\r\n	at org.springframework.batch.core.step.item.SimpleChunkProcessor.process(SimpleChunkProcessor.java:217)\r\n	at org.springframework.batch.core.step.item.ChunkOrientedTasklet.execute(ChunkOrientedTasklet.java:77)\r\n	at org.springframework.batch.core.step.tasklet.TaskletStep$ChunkTransactionCallback.doInTransaction(TaskletStep.java:407)\r\n	at org.springframework.batch.core.step.tasklet.TaskletStep$ChunkTransactionCallback.doInTransaction(TaskletStep.java:331)\r\n	at org.springframework.transaction.support.TransactionTemplate.execute(TransactionTemplate.java:140)\r\n	at org.springframework.batch.core.step.tasklet.TaskletStep$2.doInChunkContext(TaskletStep.java:273)\r\n	at org.springframework.batch.core.scope.context.StepContextRepeatCallback.doInIteration(StepContextRepeatCallback.java:82)\r\n	at org.springframework.batch.repeat.support.RepeatTemplate.getNextResult(RepeatTemplate.java:375)\r\n	at org.springframework.batch.repeat.support.RepeatTemplate.executeInternal(RepeatTemplate.java:215)\r\n	at org.springframework.batch.repeat.support.RepeatTemplate.iterate(RepeatTemplate.java:145)\r\n	at org.springframework.batch.core.step.taskle','2020-12-16 17:15:48.556000'),(9,4,'migrarPessoaStep',5,'2020-12-16 17:16:26.917000','2020-12-16 17:17:53.003000','COMPLETED',2,10000,0,10000,0,0,0,0,'COMPLETED','','2020-12-16 17:17:53.006000'),(10,4,'migrarDadosBancariosStep',5,'2020-12-16 17:16:26.926000','2020-12-16 17:17:53.166000','COMPLETED',2,10000,0,10000,0,0,0,0,'COMPLETED','','2020-12-16 17:17:53.168000'),(11,4,'migrarDadosBancariosStep',6,'2020-12-16 17:26:54.279000','2020-12-16 17:28:20.133000','COMPLETED',2,10000,0,10000,0,0,0,0,'COMPLETED','','2020-12-16 17:28:20.135000'),(12,4,'migrarPessoaStep',6,'2020-12-16 17:26:54.293000','2020-12-16 17:28:20.079000','COMPLETED',2,10000,0,10000,0,0,0,0,'COMPLETED','','2020-12-16 17:28:20.080000'),(13,2,'migrarDadosBancariosStep',7,'2020-12-16 17:29:27.257000','2020-12-16 17:29:31.306000','FAILED',0,10000,0,0,0,0,0,1,'FAILED','org.springframework.dao.DuplicateKeyException: PreparedStatementCallback; SQL [INSERT INTO dados_bancarios (id, pessoa_id, agencia, conta, banco) VALUES (?, ?, ?, ?, ?)]; Duplicate entry \'10000\' for key \'dados_bancarios.PRIMARY\'; nested exception is java.sql.BatchUpdateException: Duplicate entry \'10000\' for key \'dados_bancarios.PRIMARY\'\r\n	at org.springframework.jdbc.support.SQLErrorCodeSQLExceptionTranslator.doTranslate(SQLErrorCodeSQLExceptionTranslator.java:243)\r\n	at org.springframework.jdbc.support.AbstractFallbackSQLExceptionTranslator.translate(AbstractFallbackSQLExceptionTranslator.java:72)\r\n	at org.springframework.jdbc.core.JdbcTemplate.translateException(JdbcTemplate.java:1443)\r\n	at org.springframework.jdbc.core.JdbcTemplate.execute(JdbcTemplate.java:633)\r\n	at org.springframework.jdbc.core.JdbcTemplate.execute(JdbcTemplate.java:647)\r\n	at org.springframework.jdbc.core.JdbcTemplate.batchUpdate(JdbcTemplate.java:936)\r\n	at org.springframework.jdbc.core.namedparam.NamedParameterJdbcTemplate.batchUpdate(NamedParameterJdbcTemplate.java:366)\r\n	at org.springframework.batch.item.database.JdbcBatchItemWriter.write(JdbcBatchItemWriter.java:182)\r\n	at org.springframework.batch.core.step.item.SimpleChunkProcessor.writeItems(SimpleChunkProcessor.java:193)\r\n	at org.springframework.batch.core.step.item.SimpleChunkProcessor.doWrite(SimpleChunkProcessor.java:159)\r\n	at org.springframework.batch.core.step.item.SimpleChunkProcessor.write(SimpleChunkProcessor.java:294)\r\n	at org.springframework.batch.core.step.item.SimpleChunkProcessor.process(SimpleChunkProcessor.java:217)\r\n	at org.springframework.batch.core.step.item.ChunkOrientedTasklet.execute(ChunkOrientedTasklet.java:77)\r\n	at org.springframework.batch.core.step.tasklet.TaskletStep$ChunkTransactionCallback.doInTransaction(TaskletStep.java:407)\r\n	at org.springframework.batch.core.step.tasklet.TaskletStep$ChunkTransactionCallback.doInTransaction(TaskletStep.java:331)\r\n	at org.springframework.transaction.support.TransactionTemplate.execute(TransactionTemplate.java:140)\r\n	at org.springframework.batch.core.step.tasklet.TaskletStep$2.doInChunkContext(TaskletStep.java:273)\r\n	at org.springframework.batch.core.scope.context.StepContextRepeatCallback.doInIteration(StepContextRepeatCallback.java:82)\r\n	at org.springframework.batch.repeat.support.RepeatTemplate.getNextResult(RepeatTemplate.java:375)\r\n	at org.springframework.batch.repeat.support.RepeatTemplate.executeInternal(RepeatTemplate.java:215)\r\n	at org.springframework.batch.','2020-12-16 17:29:31.307000'),(14,2,'migrarPessoaStep',7,'2020-12-16 17:29:27.266000','2020-12-16 17:29:31.282000','FAILED',0,10000,0,0,0,0,0,1,'FAILED','org.springframework.dao.DuplicateKeyException: PreparedStatementCallback; SQL [INSERT INTO pessoa (id, nome, email, data_nascimento, idade) VALUES (?, ?, ?, ?, ?)]; Duplicate entry \'10000\' for key \'pessoa.PRIMARY\'; nested exception is java.sql.BatchUpdateException: Duplicate entry \'10000\' for key \'pessoa.PRIMARY\'\r\n	at org.springframework.jdbc.support.SQLErrorCodeSQLExceptionTranslator.doTranslate(SQLErrorCodeSQLExceptionTranslator.java:243)\r\n	at org.springframework.jdbc.support.AbstractFallbackSQLExceptionTranslator.translate(AbstractFallbackSQLExceptionTranslator.java:72)\r\n	at org.springframework.jdbc.core.JdbcTemplate.translateException(JdbcTemplate.java:1443)\r\n	at org.springframework.jdbc.core.JdbcTemplate.execute(JdbcTemplate.java:633)\r\n	at org.springframework.jdbc.core.JdbcTemplate.execute(JdbcTemplate.java:647)\r\n	at org.springframework.batch.item.database.JdbcBatchItemWriter.write(JdbcBatchItemWriter.java:186)\r\n	at org.springframework.batch.item.support.ClassifierCompositeItemWriter.write(ClassifierCompositeItemWriter.java:69)\r\n	at org.springframework.batch.core.step.item.SimpleChunkProcessor.writeItems(SimpleChunkProcessor.java:193)\r\n	at org.springframework.batch.core.step.item.SimpleChunkProcessor.doWrite(SimpleChunkProcessor.java:159)\r\n	at org.springframework.batch.core.step.item.SimpleChunkProcessor.write(SimpleChunkProcessor.java:294)\r\n	at org.springframework.batch.core.step.item.SimpleChunkProcessor.process(SimpleChunkProcessor.java:217)\r\n	at org.springframework.batch.core.step.item.ChunkOrientedTasklet.execute(ChunkOrientedTasklet.java:77)\r\n	at org.springframework.batch.core.step.tasklet.TaskletStep$ChunkTransactionCallback.doInTransaction(TaskletStep.java:407)\r\n	at org.springframework.batch.core.step.tasklet.TaskletStep$ChunkTransactionCallback.doInTransaction(TaskletStep.java:331)\r\n	at org.springframework.transaction.support.TransactionTemplate.execute(TransactionTemplate.java:140)\r\n	at org.springframework.batch.core.step.tasklet.TaskletStep$2.doInChunkContext(TaskletStep.java:273)\r\n	at org.springframework.batch.core.scope.context.StepContextRepeatCallback.doInIteration(StepContextRepeatCallback.java:82)\r\n	at org.springframework.batch.repeat.support.RepeatTemplate.getNextResult(RepeatTemplate.java:375)\r\n	at org.springframework.batch.repeat.support.RepeatTemplate.executeInternal(RepeatTemplate.java:215)\r\n	at org.springframework.batch.repeat.support.RepeatTemplate.iterate(RepeatTemplate.java:145)\r\n	at org.springframework.batch.core.step.taskle','2020-12-16 17:29:31.283000'),(15,4,'migrarDadosBancariosStep',8,'2020-12-16 17:33:06.195000','2020-12-16 17:34:33.656000','COMPLETED',2,10000,0,10000,0,0,0,0,'COMPLETED','','2020-12-16 17:34:33.658000'),(16,4,'migrarPessoaStep',8,'2020-12-16 17:33:06.219000','2020-12-16 17:34:33.516000','COMPLETED',2,10000,0,10000,0,0,0,0,'COMPLETED','','2020-12-16 17:34:33.519000'),(17,2,'migrarPessoaStep',9,'2020-12-16 17:35:41.903000','2020-12-16 17:35:45.399000','FAILED',0,10000,0,0,0,0,0,1,'FAILED','org.springframework.dao.DuplicateKeyException: PreparedStatementCallback; SQL [INSERT INTO pessoa (id, nome, email, data_nascimento, idade) VALUES (?, ?, ?, ?, ?)]; Duplicate entry \'10000\' for key \'pessoa.PRIMARY\'; nested exception is java.sql.BatchUpdateException: Duplicate entry \'10000\' for key \'pessoa.PRIMARY\'\r\n	at org.springframework.jdbc.support.SQLErrorCodeSQLExceptionTranslator.doTranslate(SQLErrorCodeSQLExceptionTranslator.java:243)\r\n	at org.springframework.jdbc.support.AbstractFallbackSQLExceptionTranslator.translate(AbstractFallbackSQLExceptionTranslator.java:72)\r\n	at org.springframework.jdbc.core.JdbcTemplate.translateException(JdbcTemplate.java:1443)\r\n	at org.springframework.jdbc.core.JdbcTemplate.execute(JdbcTemplate.java:633)\r\n	at org.springframework.jdbc.core.JdbcTemplate.execute(JdbcTemplate.java:647)\r\n	at org.springframework.batch.item.database.JdbcBatchItemWriter.write(JdbcBatchItemWriter.java:186)\r\n	at org.springframework.batch.item.support.ClassifierCompositeItemWriter.write(ClassifierCompositeItemWriter.java:69)\r\n	at org.springframework.batch.core.step.item.SimpleChunkProcessor.writeItems(SimpleChunkProcessor.java:193)\r\n	at org.springframework.batch.core.step.item.SimpleChunkProcessor.doWrite(SimpleChunkProcessor.java:159)\r\n	at org.springframework.batch.core.step.item.SimpleChunkProcessor.write(SimpleChunkProcessor.java:294)\r\n	at org.springframework.batch.core.step.item.SimpleChunkProcessor.process(SimpleChunkProcessor.java:217)\r\n	at org.springframework.batch.core.step.item.ChunkOrientedTasklet.execute(ChunkOrientedTasklet.java:77)\r\n	at org.springframework.batch.core.step.tasklet.TaskletStep$ChunkTransactionCallback.doInTransaction(TaskletStep.java:407)\r\n	at org.springframework.batch.core.step.tasklet.TaskletStep$ChunkTransactionCallback.doInTransaction(TaskletStep.java:331)\r\n	at org.springframework.transaction.support.TransactionTemplate.execute(TransactionTemplate.java:140)\r\n	at org.springframework.batch.core.step.tasklet.TaskletStep$2.doInChunkContext(TaskletStep.java:273)\r\n	at org.springframework.batch.core.scope.context.StepContextRepeatCallback.doInIteration(StepContextRepeatCallback.java:82)\r\n	at org.springframework.batch.repeat.support.RepeatTemplate.getNextResult(RepeatTemplate.java:375)\r\n	at org.springframework.batch.repeat.support.RepeatTemplate.executeInternal(RepeatTemplate.java:215)\r\n	at org.springframework.batch.repeat.support.RepeatTemplate.iterate(RepeatTemplate.java:145)\r\n	at org.springframework.batch.core.step.taskle','2020-12-16 17:35:45.400000'),(18,2,'migrarDadosBancariosStep',9,'2020-12-16 17:35:41.919000','2020-12-16 17:35:45.608000','FAILED',0,10000,0,0,0,0,0,1,'FAILED','org.springframework.dao.DuplicateKeyException: PreparedStatementCallback; SQL [INSERT INTO dados_bancarios (id, pessoa_id, agencia, conta, banco) VALUES (?, ?, ?, ?, ?)]; Duplicate entry \'10000\' for key \'dados_bancarios.PRIMARY\'; nested exception is java.sql.BatchUpdateException: Duplicate entry \'10000\' for key \'dados_bancarios.PRIMARY\'\r\n	at org.springframework.jdbc.support.SQLErrorCodeSQLExceptionTranslator.doTranslate(SQLErrorCodeSQLExceptionTranslator.java:243)\r\n	at org.springframework.jdbc.support.AbstractFallbackSQLExceptionTranslator.translate(AbstractFallbackSQLExceptionTranslator.java:72)\r\n	at org.springframework.jdbc.core.JdbcTemplate.translateException(JdbcTemplate.java:1443)\r\n	at org.springframework.jdbc.core.JdbcTemplate.execute(JdbcTemplate.java:633)\r\n	at org.springframework.jdbc.core.JdbcTemplate.execute(JdbcTemplate.java:647)\r\n	at org.springframework.jdbc.core.JdbcTemplate.batchUpdate(JdbcTemplate.java:936)\r\n	at org.springframework.jdbc.core.namedparam.NamedParameterJdbcTemplate.batchUpdate(NamedParameterJdbcTemplate.java:366)\r\n	at org.springframework.batch.item.database.JdbcBatchItemWriter.write(JdbcBatchItemWriter.java:182)\r\n	at org.springframework.batch.core.step.item.SimpleChunkProcessor.writeItems(SimpleChunkProcessor.java:193)\r\n	at org.springframework.batch.core.step.item.SimpleChunkProcessor.doWrite(SimpleChunkProcessor.java:159)\r\n	at org.springframework.batch.core.step.item.SimpleChunkProcessor.write(SimpleChunkProcessor.java:294)\r\n	at org.springframework.batch.core.step.item.SimpleChunkProcessor.process(SimpleChunkProcessor.java:217)\r\n	at org.springframework.batch.core.step.item.ChunkOrientedTasklet.execute(ChunkOrientedTasklet.java:77)\r\n	at org.springframework.batch.core.step.tasklet.TaskletStep$ChunkTransactionCallback.doInTransaction(TaskletStep.java:407)\r\n	at org.springframework.batch.core.step.tasklet.TaskletStep$ChunkTransactionCallback.doInTransaction(TaskletStep.java:331)\r\n	at org.springframework.transaction.support.TransactionTemplate.execute(TransactionTemplate.java:140)\r\n	at org.springframework.batch.core.step.tasklet.TaskletStep$2.doInChunkContext(TaskletStep.java:273)\r\n	at org.springframework.batch.core.scope.context.StepContextRepeatCallback.doInIteration(StepContextRepeatCallback.java:82)\r\n	at org.springframework.batch.repeat.support.RepeatTemplate.getNextResult(RepeatTemplate.java:375)\r\n	at org.springframework.batch.repeat.support.RepeatTemplate.executeInternal(RepeatTemplate.java:215)\r\n	at org.springframework.batch.','2020-12-16 17:35:45.609000'),(19,2,'migrarPessoaStep',10,'2020-12-16 17:36:44.859000','2020-12-16 17:36:48.243000','FAILED',0,10000,0,0,0,0,0,1,'FAILED','org.springframework.dao.DuplicateKeyException: PreparedStatementCallback; SQL [INSERT INTO pessoa (id, nome, email, data_nascimento, idade) VALUES (?, ?, ?, ?, ?)]; Duplicate entry \'10000\' for key \'pessoa.PRIMARY\'; nested exception is java.sql.BatchUpdateException: Duplicate entry \'10000\' for key \'pessoa.PRIMARY\'\r\n	at org.springframework.jdbc.support.SQLErrorCodeSQLExceptionTranslator.doTranslate(SQLErrorCodeSQLExceptionTranslator.java:243)\r\n	at org.springframework.jdbc.support.AbstractFallbackSQLExceptionTranslator.translate(AbstractFallbackSQLExceptionTranslator.java:72)\r\n	at org.springframework.jdbc.core.JdbcTemplate.translateException(JdbcTemplate.java:1443)\r\n	at org.springframework.jdbc.core.JdbcTemplate.execute(JdbcTemplate.java:633)\r\n	at org.springframework.jdbc.core.JdbcTemplate.execute(JdbcTemplate.java:647)\r\n	at org.springframework.batch.item.database.JdbcBatchItemWriter.write(JdbcBatchItemWriter.java:186)\r\n	at org.springframework.batch.item.support.ClassifierCompositeItemWriter.write(ClassifierCompositeItemWriter.java:69)\r\n	at org.springframework.batch.core.step.item.SimpleChunkProcessor.writeItems(SimpleChunkProcessor.java:193)\r\n	at org.springframework.batch.core.step.item.SimpleChunkProcessor.doWrite(SimpleChunkProcessor.java:159)\r\n	at org.springframework.batch.core.step.item.SimpleChunkProcessor.write(SimpleChunkProcessor.java:294)\r\n	at org.springframework.batch.core.step.item.SimpleChunkProcessor.process(SimpleChunkProcessor.java:217)\r\n	at org.springframework.batch.core.step.item.ChunkOrientedTasklet.execute(ChunkOrientedTasklet.java:77)\r\n	at org.springframework.batch.core.step.tasklet.TaskletStep$ChunkTransactionCallback.doInTransaction(TaskletStep.java:407)\r\n	at org.springframework.batch.core.step.tasklet.TaskletStep$ChunkTransactionCallback.doInTransaction(TaskletStep.java:331)\r\n	at org.springframework.transaction.support.TransactionTemplate.execute(TransactionTemplate.java:140)\r\n	at org.springframework.batch.core.step.tasklet.TaskletStep$2.doInChunkContext(TaskletStep.java:273)\r\n	at org.springframework.batch.core.scope.context.StepContextRepeatCallback.doInIteration(StepContextRepeatCallback.java:82)\r\n	at org.springframework.batch.repeat.support.RepeatTemplate.getNextResult(RepeatTemplate.java:375)\r\n	at org.springframework.batch.repeat.support.RepeatTemplate.executeInternal(RepeatTemplate.java:215)\r\n	at org.springframework.batch.repeat.support.RepeatTemplate.iterate(RepeatTemplate.java:145)\r\n	at org.springframework.batch.core.step.taskle','2020-12-16 17:36:48.245000'),(20,2,'migrarDadosBancariosStep',10,'2020-12-16 17:36:44.879000','2020-12-16 17:36:48.374000','FAILED',0,10000,0,0,0,0,0,1,'FAILED','org.springframework.dao.DuplicateKeyException: PreparedStatementCallback; SQL [INSERT INTO dados_bancarios (id, pessoa_id, agencia, conta, banco) VALUES (?, ?, ?, ?, ?)]; Duplicate entry \'10000\' for key \'dados_bancarios.PRIMARY\'; nested exception is java.sql.BatchUpdateException: Duplicate entry \'10000\' for key \'dados_bancarios.PRIMARY\'\r\n	at org.springframework.jdbc.support.SQLErrorCodeSQLExceptionTranslator.doTranslate(SQLErrorCodeSQLExceptionTranslator.java:243)\r\n	at org.springframework.jdbc.support.AbstractFallbackSQLExceptionTranslator.translate(AbstractFallbackSQLExceptionTranslator.java:72)\r\n	at org.springframework.jdbc.core.JdbcTemplate.translateException(JdbcTemplate.java:1443)\r\n	at org.springframework.jdbc.core.JdbcTemplate.execute(JdbcTemplate.java:633)\r\n	at org.springframework.jdbc.core.JdbcTemplate.execute(JdbcTemplate.java:647)\r\n	at org.springframework.jdbc.core.JdbcTemplate.batchUpdate(JdbcTemplate.java:936)\r\n	at org.springframework.jdbc.core.namedparam.NamedParameterJdbcTemplate.batchUpdate(NamedParameterJdbcTemplate.java:366)\r\n	at org.springframework.batch.item.database.JdbcBatchItemWriter.write(JdbcBatchItemWriter.java:182)\r\n	at org.springframework.batch.core.step.item.SimpleChunkProcessor.writeItems(SimpleChunkProcessor.java:193)\r\n	at org.springframework.batch.core.step.item.SimpleChunkProcessor.doWrite(SimpleChunkProcessor.java:159)\r\n	at org.springframework.batch.core.step.item.SimpleChunkProcessor.write(SimpleChunkProcessor.java:294)\r\n	at org.springframework.batch.core.step.item.SimpleChunkProcessor.process(SimpleChunkProcessor.java:217)\r\n	at org.springframework.batch.core.step.item.ChunkOrientedTasklet.execute(ChunkOrientedTasklet.java:77)\r\n	at org.springframework.batch.core.step.tasklet.TaskletStep$ChunkTransactionCallback.doInTransaction(TaskletStep.java:407)\r\n	at org.springframework.batch.core.step.tasklet.TaskletStep$ChunkTransactionCallback.doInTransaction(TaskletStep.java:331)\r\n	at org.springframework.transaction.support.TransactionTemplate.execute(TransactionTemplate.java:140)\r\n	at org.springframework.batch.core.step.tasklet.TaskletStep$2.doInChunkContext(TaskletStep.java:273)\r\n	at org.springframework.batch.core.scope.context.StepContextRepeatCallback.doInIteration(StepContextRepeatCallback.java:82)\r\n	at org.springframework.batch.repeat.support.RepeatTemplate.getNextResult(RepeatTemplate.java:375)\r\n	at org.springframework.batch.repeat.support.RepeatTemplate.executeInternal(RepeatTemplate.java:215)\r\n	at org.springframework.batch.','2020-12-16 17:36:48.375000'),(21,2,'faturaCartaoCreditoStep',11,'2020-12-22 14:49:13.746000','2020-12-22 14:49:44.821000','FAILED',0,1,0,0,0,0,0,1,'FAILED','org.springframework.web.client.HttpServerErrorException$ServiceUnavailable: 503 Service Unavailable: [<!DOCTYPE html>\n<html>\n<head>\n<meta name=\"viewport\" content=\"width=device-width, initial-scale=1\">\n<meta charset=\"utf-8\">\n<title>Application Error</title>\n<style media=\"screen\">\n		  html,body,iframe {... (482 bytes)]\r\n	at org.springframework.web.client.HttpServerErrorException.create(HttpServerErrorException.java:112)\r\n	at org.springframework.web.client.DefaultResponseErrorHandler.handleError(DefaultResponseErrorHandler.java:172)\r\n	at org.springframework.web.client.DefaultResponseErrorHandler.handleError(DefaultResponseErrorHandler.java:112)\r\n	at org.springframework.web.client.ResponseErrorHandler.handleError(ResponseErrorHandler.java:63)\r\n	at org.springframework.web.client.RestTemplate.handleResponse(RestTemplate.java:782)\r\n	at org.springframework.web.client.RestTemplate.doExecute(RestTemplate.java:740)\r\n	at org.springframework.web.client.RestTemplate.execute(RestTemplate.java:674)\r\n	at org.springframework.web.client.RestTemplate.getForEntity(RestTemplate.java:342)\r\n	at com.springbatch.faturacartaocredito.processor.CarregarDadosClienteProcessor.process(CarregarDadosClienteProcessor.java:21)\r\n	at com.springbatch.faturacartaocredito.processor.CarregarDadosClienteProcessor.process(CarregarDadosClienteProcessor.java:1)\r\n	at org.springframework.batch.core.step.item.SimpleChunkProcessor.doProcess(SimpleChunkProcessor.java:134)\r\n	at org.springframework.batch.core.step.item.SimpleChunkProcessor.transform(SimpleChunkProcessor.java:319)\r\n	at org.springframework.batch.core.step.item.SimpleChunkProcessor.process(SimpleChunkProcessor.java:210)\r\n	at org.springframework.batch.core.step.item.ChunkOrientedTasklet.execute(ChunkOrientedTasklet.java:77)\r\n	at org.springframework.batch.core.step.tasklet.TaskletStep$ChunkTransactionCallback.doInTransaction(TaskletStep.java:407)\r\n	at org.springframework.batch.core.step.tasklet.TaskletStep$ChunkTransactionCallback.doInTransaction(TaskletStep.java:331)\r\n	at org.springframework.transaction.support.TransactionTemplate.execute(TransactionTemplate.java:140)\r\n	at org.springframework.batch.core.step.tasklet.TaskletStep$2.doInChunkContext(TaskletStep.java:273)\r\n	at org.springframework.batch.core.scope.context.StepContextRepeatCallback.doInIteration(StepContextRepeatCallback.java:82)\r\n	at org.springframework.batch.repeat.support.RepeatTemplate.getNextResult(RepeatTemplate.java:375)\r\n	at org.springframework.batch.repeat.support.RepeatTempl','2020-12-22 14:49:44.823000'),(22,13,'faturaCartaoCreditoStep',12,'2020-12-22 14:56:24.160000','2020-12-22 14:56:30.250000','COMPLETED',11,10,0,10,0,0,0,0,'COMPLETED','','2020-12-22 14:56:30.251000');
/*!40000 ALTER TABLE `batch_step_execution` ENABLE KEYS */;
UNLOCK TABLES;

--
-- Table structure for table `batch_step_execution_context`
--

DROP TABLE IF EXISTS `batch_step_execution_context`;
/*!40101 SET @saved_cs_client     = @@character_set_client */;
/*!50503 SET character_set_client = utf8mb4 */;
CREATE TABLE `batch_step_execution_context` (
  `STEP_EXECUTION_ID` bigint NOT NULL,
  `SHORT_CONTEXT` varchar(2500) NOT NULL,
  `SERIALIZED_CONTEXT` text,
  PRIMARY KEY (`STEP_EXECUTION_ID`),
  CONSTRAINT `STEP_EXEC_CTX_FK` FOREIGN KEY (`STEP_EXECUTION_ID`) REFERENCES `batch_step_execution` (`STEP_EXECUTION_ID`)
) ENGINE=InnoDB DEFAULT CHARSET=utf8mb4 COLLATE=utf8mb4_0900_ai_ci;
/*!40101 SET character_set_client = @saved_cs_client */;

--
-- Dumping data for table `batch_step_execution_context`
--

LOCK TABLES `batch_step_execution_context` WRITE;
/*!40000 ALTER TABLE `batch_step_execution_context` DISABLE KEYS */;
INSERT INTO `batch_step_execution_context` VALUES (1,'{\"batch.taskletType\":\"org.springframework.batch.core.step.item.ChunkOrientedTasklet\",\"batch.stepType\":\"org.springframework.batch.core.step.tasklet.TaskletStep\",\"dadosBancariosReader.read.count\":10001}',NULL),(2,'{\"batch.taskletType\":\"org.springframework.batch.core.step.item.ChunkOrientedTasklet\",\"arquivoPessoasInvalidasWriter.written\":[\"java.lang.Long\",1],\"arquivoPessoasInvalidasWriter.current.count\":[\"java.lang.Long\",3],\"arquivoPessoaReader.read.count\":10001,\"batch.stepType\":\"org.springframework.batch.core.step.tasklet.TaskletStep\"}',NULL),(3,'{\"batch.taskletType\":\"org.springframework.batch.core.step.item.ChunkOrientedTasklet\",\"arquivoPessoasInvalidasWriter.written\":[\"java.lang.Long\",0],\"arquivoPessoasInvalidasWriter.current.count\":[\"java.lang.Long\",0],\"arquivoPessoaReader.read.count\":0,\"batch.stepType\":\"org.springframework.batch.core.step.tasklet.TaskletStep\"}',NULL),(4,'{\"batch.taskletType\":\"org.springframework.batch.core.step.item.ChunkOrientedTasklet\",\"batch.stepType\":\"org.springframework.batch.core.step.tasklet.TaskletStep\",\"dadosBancariosReader.read.count\":0}',NULL),(5,'{\"batch.taskletType\":\"org.springframework.batch.core.step.item.ChunkOrientedTasklet\",\"batch.stepType\":\"org.springframework.batch.core.step.tasklet.TaskletStep\",\"dadosBancariosReader.read.count\":0}',NULL),(6,'{\"batch.taskletType\":\"org.springframework.batch.core.step.item.ChunkOrientedTasklet\",\"arquivoPessoasInvalidasWriter.written\":[\"java.lang.Long\",0],\"arquivoPessoasInvalidasWriter.current.count\":[\"java.lang.Long\",0],\"arquivoPessoaReader.read.count\":0,\"batch.stepType\":\"org.springframework.batch.core.step.tasklet.TaskletStep\"}',NULL),(7,'{\"batch.taskletType\":\"org.springframework.batch.core.step.item.ChunkOrientedTasklet\",\"batch.stepType\":\"org.springframework.batch.core.step.tasklet.TaskletStep\",\"dadosBancariosReader.read.count\":0}',NULL),(8,'{\"batch.taskletType\":\"org.springframework.batch.core.step.item.ChunkOrientedTasklet\",\"arquivoPessoasInvalidasWriter.written\":[\"java.lang.Long\",0],\"arquivoPessoasInvalidasWriter.current.count\":[\"java.lang.Long\",0],\"arquivoPessoaReader.read.count\":0,\"batch.stepType\":\"org.springframework.batch.core.step.tasklet.TaskletStep\"}',NULL),(9,'{\"batch.taskletType\":\"org.springframework.batch.core.step.item.ChunkOrientedTasklet\",\"arquivoPessoasInvalidasWriter.written\":[\"java.lang.Long\",0],\"arquivoPessoasInvalidasWriter.current.count\":[\"java.lang.Long\",0],\"arquivoPessoaReader.read.count\":10001,\"batch.stepType\":\"org.springframework.batch.core.step.tasklet.TaskletStep\"}',NULL),(10,'{\"batch.taskletType\":\"org.springframework.batch.core.step.item.ChunkOrientedTasklet\",\"batch.stepType\":\"org.springframework.batch.core.step.tasklet.TaskletStep\",\"dadosBancariosReader.read.count\":10001}',NULL),(11,'{\"batch.taskletType\":\"org.springframework.batch.core.step.item.ChunkOrientedTasklet\",\"batch.stepType\":\"org.springframework.batch.core.step.tasklet.TaskletStep\",\"dadosBancariosReader.read.count\":10001}',NULL),(12,'{\"batch.taskletType\":\"org.springframework.batch.core.step.item.ChunkOrientedTasklet\",\"arquivoPessoasInvalidasWriter.written\":[\"java.lang.Long\",1],\"arquivoPessoasInvalidasWriter.current.count\":[\"java.lang.Long\",4],\"arquivoPessoaReader.read.count\":10001,\"batch.stepType\":\"org.springframework.batch.core.step.tasklet.TaskletStep\"}',NULL),(13,'{\"batch.taskletType\":\"org.springframework.batch.core.step.item.ChunkOrientedTasklet\",\"batch.stepType\":\"org.springframework.batch.core.step.tasklet.TaskletStep\",\"dadosBancariosReader.read.count\":0}',NULL),(14,'{\"batch.taskletType\":\"org.springframework.batch.core.step.item.ChunkOrientedTasklet\",\"arquivoPessoasInvalidasWriter.written\":[\"java.lang.Long\",0],\"arquivoPessoasInvalidasWriter.current.count\":[\"java.lang.Long\",0],\"arquivoPessoaReader.read.count\":0,\"batch.stepType\":\"org.springframework.batch.core.step.tasklet.TaskletStep\"}',NULL),(15,'{\"batch.taskletType\":\"org.springframework.batch.core.step.item.ChunkOrientedTasklet\",\"batch.stepType\":\"org.springframework.batch.core.step.tasklet.TaskletStep\",\"dadosBancariosReader.read.count\":10001}',NULL),(16,'{\"batch.taskletType\":\"org.springframework.batch.core.step.item.ChunkOrientedTasklet\",\"arquivoPessoasInvalidasWriter.written\":[\"java.lang.Long\",0],\"arquivoPessoasInvalidasWriter.current.count\":[\"java.lang.Long\",0],\"arquivoPessoaReader.read.count\":10001,\"batch.stepType\":\"org.springframework.batch.core.step.tasklet.TaskletStep\"}',NULL),(17,'{\"batch.taskletType\":\"org.springframework.batch.core.step.item.ChunkOrientedTasklet\",\"arquivoPessoasInvalidasWriter.written\":[\"java.lang.Long\",0],\"arquivoPessoasInvalidasWriter.current.count\":[\"java.lang.Long\",0],\"arquivoPessoaReader.read.count\":0,\"batch.stepType\":\"org.springframework.batch.core.step.tasklet.TaskletStep\"}',NULL),(18,'{\"batch.taskletType\":\"org.springframework.batch.core.step.item.ChunkOrientedTasklet\",\"batch.stepType\":\"org.springframework.batch.core.step.tasklet.TaskletStep\",\"dadosBancariosReader.read.count\":0}',NULL),(19,'{\"batch.taskletType\":\"org.springframework.batch.core.step.item.ChunkOrientedTasklet\",\"arquivoPessoasInvalidasWriter.written\":[\"java.lang.Long\",0],\"arquivoPessoasInvalidasWriter.current.count\":[\"java.lang.Long\",0],\"arquivoPessoaReader.read.count\":0,\"batch.stepType\":\"org.springframework.batch.core.step.tasklet.TaskletStep\"}',NULL),(20,'{\"batch.taskletType\":\"org.springframework.batch.core.step.item.ChunkOrientedTasklet\",\"batch.stepType\":\"org.springframework.batch.core.step.tasklet.TaskletStep\",\"dadosBancariosReader.read.count\":0}',NULL),(21,'{\"arquivosFaturaCartaoCredito.resource.item.count\":0,\"arquivosFaturaCartaoCredito.resource.index\":1,\"batch.taskletType\":\"org.springframework.batch.core.step.item.ChunkOrientedTasklet\",\"lerTransacoesReader.read.count\":0,\"batch.stepType\":\"org.springframework.batch.core.step.tasklet.TaskletStep\"}',NULL),(22,'{\"arquivosFaturaCartaoCredito.resource.item.count\":0,\"arquivosFaturaCartaoCredito.resource.index\":11,\"batch.taskletType\":\"org.springframework.batch.core.step.item.ChunkOrientedTasklet\",\"lerTransacoesReader.read.count\":10002,\"batch.stepType\":\"org.springframework.batch.core.step.tasklet.TaskletStep\"}',NULL);
/*!40000 ALTER TABLE `batch_step_execution_context` ENABLE KEYS */;
UNLOCK TABLES;

--
-- Table structure for table `batch_step_execution_seq`
--

DROP TABLE IF EXISTS `batch_step_execution_seq`;
/*!40101 SET @saved_cs_client     = @@character_set_client */;
/*!50503 SET character_set_client = utf8mb4 */;
CREATE TABLE `batch_step_execution_seq` (
  `ID` bigint NOT NULL,
  `UNIQUE_KEY` char(1) NOT NULL,
  UNIQUE KEY `UNIQUE_KEY_UN` (`UNIQUE_KEY`)
) ENGINE=InnoDB DEFAULT CHARSET=utf8mb4 COLLATE=utf8mb4_0900_ai_ci;
/*!40101 SET character_set_client = @saved_cs_client */;

--
-- Dumping data for table `batch_step_execution_seq`
--

LOCK TABLES `batch_step_execution_seq` WRITE;
/*!40000 ALTER TABLE `batch_step_execution_seq` DISABLE KEYS */;
INSERT INTO `batch_step_execution_seq` VALUES (22,'0');
/*!40000 ALTER TABLE `batch_step_execution_seq` ENABLE KEYS */;
UNLOCK TABLES;

--
-- Dumping events for database 'spring_batch'
--

--
-- Dumping routines for database 'spring_batch'
--
/*!40103 SET TIME_ZONE=@OLD_TIME_ZONE */;

/*!40101 SET SQL_MODE=@OLD_SQL_MODE */;
/*!40014 SET FOREIGN_KEY_CHECKS=@OLD_FOREIGN_KEY_CHECKS */;
/*!40014 SET UNIQUE_CHECKS=@OLD_UNIQUE_CHECKS */;
/*!40101 SET CHARACTER_SET_CLIENT=@OLD_CHARACTER_SET_CLIENT */;
/*!40101 SET CHARACTER_SET_RESULTS=@OLD_CHARACTER_SET_RESULTS */;
/*!40101 SET COLLATION_CONNECTION=@OLD_COLLATION_CONNECTION */;
/*!40111 SET SQL_NOTES=@OLD_SQL_NOTES */;

-- Dump completed on 2021-01-04 13:15:23
